"U,QuM/LIyD3c4JGRZqmxM76A=="
"M,NtGUmZISoinV2CRyHcFv2A=="
"F,m0Zbh3nmGryUZIeosVmnpg=="
"7,Meu35qy3zSWnzaGudNn2Lw=="
"6,UNXk1qCxKdw/3MU1z33dDg=="
"5,ZgSQYNHinYqw6JTgajTK1g=="
"4,F8Bi2pklaqDVPkgFX3yjFA=="
"3,uVAmxZhrG/gkwJZvj9M/KA=="
"1,pxSxcltLUn1e0jtpT9Jdww=="
"2,iYlMO0UZOoiS1iQAd0zlDg=="
"04,iUqLjkparg2/daYbbkDqtA=="
"03,oQ1Ni8XZ8YdquBiexHxynw=="
"05,YPU7Mb94WXn71JKJsuIMRQ=="
"01,rLp5Ql6eomLG6acBLsQBdw=="
"06,BaCBuI2WfSflTYhqb5E4rA=="
"21,vvf6ERn6Q/GSOCzK9oewgQ=="
"02,qAxe99nQI6I1/thT1imiJQ=="
"11,b+CZ+IBKBp+4iuRm3TN1Yg=="
"20,Bcrk0MDr/b/0tShSubZB1Q=="
"10,yCX3zVWslNAUxfuiGSH6Ag=="
"12,pHWe631dETE+npLllC3CCA=="
"09,YIzaNHtHZBmL0NaEghb1Rw=="
"19,4oEpdYaNdZ90RCqmuNCz4A=="
"13,FH7CjX6I8vnOB05RJ+sXKA=="
"07,bCblW2eTqeJzn1owWmHjIw=="
"08,QgiSRZ23YjacZdrMN/cE7Q=="
"14,7leAoLyXqEwV7aeHdOZhwg=="
"18,6vrBObt7jHb2BJ42lkMj3A=="
"17,LZMn+WmFWXMxOQeBDmM/1A=="
"15,LNIPYoEkr4kIpkCdFx9FkA=="
"16,u4+4SUb5RPjK69Bj4pBEYw=="
"00,iiMTF8FhOVKxRJznGlMMMw=="
